filename,label
93982d6d.jpg,Naeimi
e26ccad9.jpg,Goat
34e2f10c.jpg,Najdi
f080711d.jpg,Goat
3b138401.jpg,Najdi
72c3d72f.jpg,Naeimi
2735eb07.jpg,Naeimi
6d66297e.jpg,Sawakni
5d3b3719.jpg,Sawakni
1081d46a.jpg,Harri
21f0f191.jpg,Najdi
a6518778.jpg,Naeimi
de561566.jpg,Naeimi
fbf2e74c.jpg,Naeimi
b9614fa8.jpg,Najdi
a9ed036d.jpg,Goat
da484961.jpg,Sawakni
97e8d52b.jpg,Barbari
2b5fa46a.jpg,Sawakni
47385f1a.jpg,Sawakni
a4263cc6.jpg,Najdi
74b88387.jpg,Harri
11dbafc4.jpg,Naeimi
cf87528a.jpg,Sawakni
63be3b9a.jpg,Naeimi
5334f219.jpg,Naeimi
175fdb7a.jpg,Naeimi
9f66ec17.jpg,Harri
deecae2a.jpg,Naeimi
34ad5737.jpg,Naeimi
226dc6ee.jpg,Naeimi
1432d91c.jpg,Harri
f3e7b1fe.jpg,Naeimi
a9f4d1c0.jpg,Najdi
ac05d489.jpg,Roman
c0503460.jpg,Naeimi
27ca08cb.jpg,Roman
2437c1aa.jpg,Naeimi
adb8c21c.jpg,Goat
cd147b39.jpg,Goat
d95f234b.jpg,Najdi
bd22c104.jpg,Goat
895567eb.jpg,Goat
c2fdf153.jpg,Goat
16d11d2d.jpg,Goat
100bd43a.jpg,Goat
4527e608.jpg,Naeimi
b2be18b6.jpg,Harri
417f9c7d.jpg,Goat
d214d98e.jpg,Goat
8e619920.jpg,Naeimi
167094c8.jpg,Harri
3f4cd7c8.jpg,Naeimi
56728cf9.jpg,Goat
24f34b9e.jpg,Harri
8bba2746.jpg,Najdi
16c511c0.jpg,Goat
e8ff677c.jpg,Naeimi
bed57933.jpg,Najdi
7d1844c5.jpg,Goat
85fe3a81.jpg,Naeimi
449c69af.jpg,Naeimi
b67d2ccb.jpg,Naeimi
ff19c491.jpg,Naeimi
bd342842.jpg,Harri
76ad059a.jpg,Barbari
08b9981b.jpg,Harri
0306fa89.jpg,Naeimi
ab9babec.jpg,Goat
4c9138a1.jpg,Sawakni
bd1bd591.jpg,Naeimi
277c7676.jpg,Barbari
18a45994.jpg,Naeimi
30503f9d.jpg,Naeimi
b4bedb08.jpg,Harri
eb8268e5.jpg,Harri
ffa67e5c.jpg,Goat
914de5e2.jpg,Sawakni
5b376777.jpg,Najdi
10e27bf7.jpg,Naeimi
f3baa5d2.jpg,Harri
33db0590.jpg,Naeimi
cb41f4d3.jpg,Naeimi
dad481e9.jpg,Najdi
ac78a48d.jpg,Goat
acc9295b.jpg,Naeimi
596f77ab.jpg,Goat
1558450b.jpg,Najdi
ccb9c145.jpg,Naeimi
163f0957.jpg,Harri
5550a0fd.jpg,Goat
11bc3308.jpg,Goat
ea04b23e.jpg,Barbari
06e1783d.jpg,Najdi
bb126871.jpg,Sawakni
f15e7311.jpg,Naeimi
b2f1cf49.jpg,Goat
b69c3ee4.jpg,Goat
183485e0.jpg,Najdi
5b1a69df.jpg,Naeimi
33b770d0.jpg,Harri
49c7de85.jpg,Naeimi
a03784d5.jpg,Naeimi
7dda15b0.jpg,Najdi
faadf33d.jpg,Harri
0551a473.jpg,Goat
e47217aa.jpg,Naeimi
5e5865b3.jpg,Najdi
6059f28e.jpg,Naeimi
d72ea4f1.jpg,Naeimi
247fb4df.jpg,Roman
e8c1e128.jpg,Najdi
ce299573.jpg,Harri
dcd0ef6f.jpg,Naeimi
afe59632.jpg,Goat
9d7898ec.jpg,Sawakni
c62a73db.jpg,Naeimi
933339b9.jpg,Harri
cb231bd3.jpg,Naeimi
a1d8a059.jpg,Naeimi
a1c8507a.jpg,Barbari
0cfc6a1e.jpg,Naeimi
b4751008.jpg,Goat
80e5adf2.jpg,Harri
4a63e293.jpg,Sawakni
de3bc302.jpg,Harri
ed9f6250.jpg,Naeimi
cfb691dc.jpg,Roman
508df02b.jpg,Goat
0345e3ca.jpg,Naeimi
d5a8662e.jpg,Naeimi
7502f7f0.jpg,Naeimi
50ce0b34.jpg,Sawakni
3be8b97b.jpg,Goat
9bcc92c8.jpg,Naeimi
7049acfe.jpg,Goat
385082b9.jpg,Naeimi
5a59b831.jpg,Roman
7bd8fdcb.jpg,Naeimi
915322c7.jpg,Naeimi
8dbe2536.jpg,Naeimi
3c5436f0.jpg,Sawakni
2ebc35e2.jpg,Naeimi
c63d696e.jpg,Goat
